username,firstname,lastname,email,password
953880190,Dawit,Abebe,dawit2481@share.com.et,0953880190@R&D
965940002,Dawit,Belachew,dawit8784@share.com.et,0965940002@R&D
962261777,Dawit,Kefyalew Abera,dawit7112@share.com.et,0962261777@R&D
985392862,Dawit,Gerim,dawit1489@share.com.et,0985392862@R&D
930241503,Dawit,Ademe,dawit0632@share.com.et,0930241503@R&D
931731063,dawit,tesfaye,dawit0409@share.com.et,0931731063@R&D
961215153,Dawit,Husen,dawit7659@share.com.et,0961215153@R&D
927460203,Dawit,Etefa Fekadu,dawit6793@share.com.et,0927460203@R&D
923787193,Dawit,Teferi,dawit2251@share.com.et,0923787193@R&D
